每日机构观点汇总 | 美联储年内加息4次概率上升 但美元反弹只是暂时,2018-02-22 11:39:06,WEEX,https://wallstreetcn.com/authors/100001382236,美联储周四凌晨公布的会议纪要显示，其对美国经济增长和通胀前景维持乐观预期，这推动美元上涨。北欧斯安银行称，美联储纪要加大了年内加息4次的预期。对于美元未来走势，法兴银行指出，近期美元反弹可能暂时得到延续，但之后恐重现全面弱势。,136,"['us', 'japan', 'forex', 'commodities', 'forex-recap', 'editors-choice', 'weex-institutioncomments', 'weex-carousel', 'global']",https://wallstreetcn.com/articles/3236649
中俄“联手”挑战美元地位 俄大举屯金、中国发行原油期货,2018-02-22 11:39:00,WEEX,https://wallstreetcn.com/authors/100001382236,中俄加速摆脱美元钳制，俄罗斯大举购入黄金，今年一月黄金储备正式超越中国，成为全球第五大黄金储备持有国。中国则发行人民币计价的原油期货。,9,"['us', 'china', 'commodities', 'other-assets', 'weex-important', 'weex-carousel']",https://wallstreetcn.com/articles/3236652
比特币两周反弹95%直逼12000美元 机构观点喜忧参半,2018-02-22 10:36:56,WEEX,https://wallstreetcn.com/authors/100001382236,比特币在2月6日一度下跌至6000美元，但经过春节前后近两周的回调，目前已收复大部分“失地”。2月21日，比特币价格持续反弹，一度上涨至11720美元，直逼12000美元大关，半个月以来的涨幅高达95%。,85,"['commodities', 'weex-important', 'weex-carousel', 'emerging']",https://wallstreetcn.com/articles/3236617
隔夜市场观察：美联储纪要推高美元，美股走低；数字货币涨势逆转 比特币大跌,2018-02-22 09:56:21,WEEX,https://wallstreetcn.com/authors/100001382236,周四凌晨公布的美联储1月31日会议纪要显示决策者对经济和通胀的信心增强，通胀预期升温引发美股下跌，美元走升。欧元下跌，PMI数据弱于预期。数字货币走势逆转，比特币大跌回吐本周涨幅。白宫经济顾问委员会发出重修贸易协议的信号，关注美国是否可能推出更多贸易保护措施。英国央行首席经济学家警告，该行加息步伐或快于预期。,411,"['china', 'us', 'europe', 'forex', 'japan', 'commodities', 'bonds', 'shares', 'editors-choice', 'global-markets', 'weex-important', 'weex-carousel']",https://wallstreetcn.com/articles/3236570
新年新气象 春节归来A股气势如虹！,2018-02-22 11:31:20,曹泽熙,https://wallstreetcn.com/authors/120000001236,周四，沪指、深成指高开超1%，创业板高开0.9%。之后三大股指涨幅扩大，截至早盘收盘，沪指涨1.9%，深成指涨2.07%，创业板涨1.88%。,7109,"['global', 'china', 'shares']",https://wallstreetcn.com/articles/3236575
史上最大科技并购案“白热化”：高通临阵“加码” 博通怒斥“一意孤行”,2018-02-22 09:58:51,张一苇,https://wallstreetcn.com/authors/100001663245,博通敌意收购高通的这场科技产业史上的最大“牌局”中，高通希望通过加价敲定恩智浦案，大幅提高“彩池”规模构筑对博通的“护城河”，博通自然是不乐见的。,1890,"['global', 'china', 'us', 'economy', 'enterprise', 'shares', 'editors-choice']",https://wallstreetcn.com/articles/3236478
我国量子芯片研制再获新进展，这所高校成为核心力量，背后这类A股望复制“中科院概念”行情 | 2月22日A股盘中突发,2018-02-22 09:58:39,选股宝盘中突发,https://wallstreetcn.com/authors/120000002047,** 本文为选股宝最新上线【A股盘中突发】栏目，每个交易日盘中滚动发布，挖掘最新的重要题材机会，帮你第一时间潜伏热点。欢迎包时段订阅。**,116,"['china', 'economy', 'enterprise', 'shares']",https://wallstreetcn.com/premium/articles/3236594?layout=wscn-layout
中俄“联手”挑战美元地位 俄大举屯金、中国发行原油期货,2018-02-22 11:39:00,WEEX,https://wallstreetcn.com/authors/100001382236,中俄加速摆脱美元钳制，俄罗斯大举购入黄金，今年一月黄金储备正式超越中国，成为全球第五大黄金储备持有国。中国则发行人民币计价的原油期货。,9,"['us', 'china', 'commodities', 'other-assets', 'weex-important', 'weex-carousel']",https://wallstreetcn.com/articles/3236652
新年新气象 春节归来A股气势如虹！,2018-02-22 11:31:20,曹泽熙,https://wallstreetcn.com/authors/120000001236,周四，沪指、深成指高开超1%，创业板高开0.9%。之后三大股指涨幅扩大，截至早盘收盘，沪指涨1.9%，深成指涨2.07%，创业板涨1.88%。,7109,"['global', 'china', 'shares']",https://wallstreetcn.com/articles/3236575
春节回顾之草根调研篇：返乡的券商首席们看到了什么？,2018-02-22 10:54:17,叶桢,https://wallstreetcn.com/authors/100001705778,拆迁补贴几百万、棚改补偿最高提升50%、农村土改甜头初显、见过世面回家花钱的年轻人......在一线城市忙了一年的分析师们回到家乡，展开一年一度草根调研，纷纷推出万字调研报告，其中房地产和消费升级成为焦点。,9017,"['global', 'china']",https://wallstreetcn.com/articles/3236609
大起底：孙宏斌入局乐视“旋涡”始末,2018-02-22 10:37:08,腾讯新闻《棱镜》,https://wallstreetcn.com/authors/100001690256,柳传志曾力挺贾跃亭，这是孙宏斌一股脑斥资150亿元拯救乐视的重要支撑；孙宏斌与贾跃亭曾在谁任乐视网董事长、如何填补乐视系债务窟窿等问题剑拔弩张。某乐视控股高管称，“如果说回过头重新来过，我相信老孙一定不会入这个局”。,2890,"['global', 'china', 'enterprise', 'tmt-carousel', 'tmt-firm', 'tmt-figure']",https://wallstreetcn.com/articles/3236593
2-22 全球投行外汇策略内参（总表）,2018-02-22 10:49:14,WEEX,https://wallstreetcn.com/authors/100001382236,每日五分钟让全球顶尖投资机构为你解惑，一切尽在《全球投行外汇策略内参》...,136,"['us', 'europe', 'japan', 'forex', 'forex-recap', 'weex-institutioncomments', 'weex-tradingstrategies', 'weex-carousel']",https://wallstreetcn.com/articles/3236636
隔夜市场观察：美联储纪要推高美元，美股走低；数字货币涨势逆转 比特币大跌,2018-02-22 09:56:21,WEEX,https://wallstreetcn.com/authors/100001382236,周四凌晨公布的美联储1月31日会议纪要显示决策者对经济和通胀的信心增强，通胀预期升温引发美股下跌，美元走升。欧元下跌，PMI数据弱于预期。数字货币走势逆转，比特币大跌回吐本周涨幅。白宫经济顾问委员会发出重修贸易协议的信号，关注美国是否可能推出更多贸易保护措施。英国央行首席经济学家警告，该行加息步伐或快于预期。,411,"['china', 'us', 'europe', 'forex', 'japan', 'commodities', 'bonds', 'shares', 'editors-choice', 'global-markets', 'weex-important', 'weex-carousel']",https://wallstreetcn.com/articles/3236570
今日交易计划 | 坚持美元调整行情无需慌乱，关注10美债何时“破3”,2018-02-22 09:45:22,WEEX 交易计划,https://wallstreetcn.com/authors/120000001440,美债收益率飙升以及美股反弹暂歇为春节后的美元提供了支撑，不过这样的宏观背景暂时无法改变美元的长期颓势。春节期间欧洲、澳洲经济数据基本喜忧参半，美国经济数据则带来更多惊喜。,370,"['us', 'europe', 'japan', 'forex', 'forex-recap', 'columns', 'global-markets', 'pc-main-columns', 'weex-carousel', 'weex-important', 'weex-tradingstrategies']",https://wallstreetcn.com/articles/3236532
早盘技术分析 | 美、欧中期反转雏形已成 美/日多空激战108,2018-02-22 09:44:33,WEEX 交易计划,https://wallstreetcn.com/authors/120000001440,美元指数接近走成时间跨度长达一个月的双底结构，90.60这一潜在颈线阻力破位与否十分关键；欧元同样走成中期双顶结构雏形；美/日阶108整数关口破位与否将成短线多空分水岭。,245,"['us', 'europe', 'japan', 'forex', 'forex-recap', 'columns', 'pc-main-columns', 'weex-tradingstrategies', 'weex-carousel']",https://wallstreetcn.com/articles/3236582
读要闻 | 如何看待“更自信”的美联储？一文读懂1月FOMC会议纪要,2018-02-22 07:50:31,王穆,https://wallstreetcn.com/authors/100001700074,伴随美债收益率走高，美股、美元、黄金“V型”反转。两周前造成美股深跌盘整的逻辑又回来了？,7126,"['global', 'us', 'shares', 'bonds', 'commodities', 'forex', 'economy']",https://wallstreetcn.com/premium/articles/3236461?layout=wscn-layout
耶伦“告别”会议纪要释放强烈信号：加息、加息、加息！,2018-02-22 03:05:17,王维丹,https://wallstreetcn.com/authors/75,纪要显示，几乎所有官员仍预计通胀中期会达到目标，少数人担心长期通胀预期下跌；大多数官员预计，经济走强增加了未来加息可能性。后美股涨幅扩大，美元美债跌黄金涨，市场预计今年三次和四次加息概率均上升。,30913,"['global', 'us', 'economy', 'shares', 'commodities', 'forex', 'bonds', 'us-shares']",https://wallstreetcn.com/articles/3236439
今年加息两次还是三次？美联储高官打嘴仗 美元黄金震荡 ,2018-02-22 00:48:42,王维丹,https://wallstreetcn.com/authors/75,费城联储主席Harker称今年加息两次可能适当。达拉斯联储主席Kaplan警告太迟加息风险。Harker讲话后美元指数回落，现货黄金刷新日高；Kaplan讲话后美元涨幅扩大，黄金转跌。,9539,"['global', 'us', 'economy', 'commodities', 'forex']",https://wallstreetcn.com/articles/3236424
兴业宏观春节重大事件回看：有这么三大重点,2018-02-21 21:59:03,兴业研究,https://wallstreetcn.com/authors/100001415760,兴业宏观表示，春节期间全球金融市场：“深蹲”之后的风险偏好小幅回升。春节期间重要事件扫描：美欧日央行行长“换人”有何新变化？春节期间重要事件扫描：美国贸易保护政策开始浮出水面。,467,"['us', 'europe', 'japan', 'forex', 'bonds', 'commodities', 'weex-carousel', 'weex-important']",https://wallstreetcn.com/articles/3236396
每日机构观点汇总 | 美联储年内加息4次概率上升 但美元反弹只是暂时,2018-02-22 11:39:06,WEEX,https://wallstreetcn.com/authors/100001382236,美联储周四凌晨公布的会议纪要显示，其对美国经济增长和通胀前景维持乐观预期，这推动美元上涨。北欧斯安银行称，美联储纪要加大了年内加息4次的预期。对于美元未来走势，法兴银行指出，近期美元反弹可能暂时得到延续，但之后恐重现全面弱势。,136,"['us', 'japan', 'forex', 'commodities', 'forex-recap', 'editors-choice', 'weex-institutioncomments', 'weex-carousel', 'global']",https://wallstreetcn.com/articles/3236649
新年新气象 春节归来A股气势如虹！,2018-02-22 11:31:20,曹泽熙,https://wallstreetcn.com/authors/120000001236,周四，沪指、深成指高开超1%，创业板高开0.9%。之后三大股指涨幅扩大，截至早盘收盘，沪指涨1.9%，深成指涨2.07%，创业板涨1.88%。,7109,"['global', 'china', 'shares']",https://wallstreetcn.com/articles/3236575
春节回顾之草根调研篇：返乡的券商首席们看到了什么？,2018-02-22 10:54:17,叶桢,https://wallstreetcn.com/authors/100001705778,拆迁补贴几百万、棚改补偿最高提升50%、农村土改甜头初显、见过世面回家花钱的年轻人......在一线城市忙了一年的分析师们回到家乡，展开一年一度草根调研，纷纷推出万字调研报告，其中房地产和消费升级成为焦点。,9017,"['global', 'china']",https://wallstreetcn.com/articles/3236609
每日机构观点汇总 | 美联储年内加息4次概率上升 但美元反弹只是暂时,2018-02-22 11:39:06,WEEX,https://wallstreetcn.com/authors/100001382236,美联储周四凌晨公布的会议纪要显示，其对美国经济增长和通胀前景维持乐观预期，这推动美元上涨。北欧斯安银行称，美联储纪要加大了年内加息4次的预期。对于美元未来走势，法兴银行指出，近期美元反弹可能暂时得到延续，但之后恐重现全面弱势。,136,"['us', 'japan', 'forex', 'commodities', 'forex-recap', 'editors-choice', 'weex-institutioncomments', 'weex-carousel', 'global']",https://wallstreetcn.com/articles/3236649
每日机构观点汇总 | 美联储年内加息4次概率上升 但美元反弹只是暂时,2018-02-22 11:39:06,WEEX,https://wallstreetcn.com/authors/100001382236,美联储周四凌晨公布的会议纪要显示，其对美国经济增长和通胀前景维持乐观预期，这推动美元上涨。北欧斯安银行称，美联储纪要加大了年内加息4次的预期。对于美元未来走势，法兴银行指出，近期美元反弹可能暂时得到延续，但之后恐重现全面弱势。,136,"['us', 'japan', 'forex', 'commodities', 'forex-recap', 'editors-choice', 'weex-institutioncomments', 'weex-carousel', 'global']",https://wallstreetcn.com/articles/3236649
2-22 全球投行外汇策略内参（总表）,2018-02-22 10:49:14,WEEX,https://wallstreetcn.com/authors/100001382236,每日五分钟让全球顶尖投资机构为你解惑，一切尽在《全球投行外汇策略内参》...,136,"['us', 'europe', 'japan', 'forex', 'forex-recap', 'weex-institutioncomments', 'weex-tradingstrategies', 'weex-carousel']",https://wallstreetcn.com/articles/3236636
隔夜市场观察：美联储纪要推高美元，美股走低；数字货币涨势逆转 比特币大跌,2018-02-22 09:56:21,WEEX,https://wallstreetcn.com/authors/100001382236,周四凌晨公布的美联储1月31日会议纪要显示决策者对经济和通胀的信心增强，通胀预期升温引发美股下跌，美元走升。欧元下跌，PMI数据弱于预期。数字货币走势逆转，比特币大跌回吐本周涨幅。白宫经济顾问委员会发出重修贸易协议的信号，关注美国是否可能推出更多贸易保护措施。英国央行首席经济学家警告，该行加息步伐或快于预期。,411,"['china', 'us', 'europe', 'forex', 'japan', 'commodities', 'bonds', 'shares', 'editors-choice', 'global-markets', 'weex-important', 'weex-carousel']",https://wallstreetcn.com/articles/3236570
隔夜市场观察：美联储纪要推高美元，美股走低；数字货币涨势逆转 比特币大跌,2018-02-22 09:56:21,WEEX,https://wallstreetcn.com/authors/100001382236,周四凌晨公布的美联储1月31日会议纪要显示决策者对经济和通胀的信心增强，通胀预期升温引发美股下跌，美元走升。欧元下跌，PMI数据弱于预期。数字货币走势逆转，比特币大跌回吐本周涨幅。白宫经济顾问委员会发出重修贸易协议的信号，关注美国是否可能推出更多贸易保护措施。英国央行首席经济学家警告，该行加息步伐或快于预期。,411,"['china', 'us', 'europe', 'forex', 'japan', 'commodities', 'bonds', 'shares', 'editors-choice', 'global-markets', 'weex-important', 'weex-carousel']",https://wallstreetcn.com/articles/3236570
亚洲股市普跌 港股、日股跌1.5%,2018-02-22 09:47:28,曹泽熙,https://wallstreetcn.com/authors/120000001236,A股休市期间海外股市普涨，但周三美联储会议纪要引发美股大幅震荡收跌，周四恒指和日经指数低开后跌幅均扩大至1.5%，新加坡富时A50股指期货跌幅扩大至1.2%。,7215,"['global', 'china', 'japan', 'emerging', 'economy', 'shares']",https://wallstreetcn.com/articles/3236565
史上最大科技并购案“白热化”：高通临阵“加码” 博通怒斥“一意孤行”,2018-02-22 09:58:51,张一苇,https://wallstreetcn.com/authors/100001663245,博通敌意收购高通的这场科技产业史上的最大“牌局”中，高通希望通过加价敲定恩智浦案，大幅提高“彩池”规模构筑对博通的“护城河”，博通自然是不乐见的。,1890,"['global', 'china', 'us', 'economy', 'enterprise', 'shares', 'editors-choice']",https://wallstreetcn.com/articles/3236478
我国量子芯片研制再获新进展，这所高校成为核心力量，背后这类A股望复制“中科院概念”行情 | 2月22日A股盘中突发,2018-02-22 09:58:39,选股宝盘中突发,https://wallstreetcn.com/authors/120000002047,** 本文为选股宝最新上线【A股盘中突发】栏目，每个交易日盘中滚动发布，挖掘最新的重要题材机会，帮你第一时间潜伏热点。欢迎包时段订阅。**,116,"['china', 'economy', 'enterprise', 'shares']",https://wallstreetcn.com/premium/articles/3236594?layout=wscn-layout
隔夜市场观察：美联储纪要推高美元，美股走低；数字货币涨势逆转 比特币大跌,2018-02-22 09:56:21,WEEX,https://wallstreetcn.com/authors/100001382236,周四凌晨公布的美联储1月31日会议纪要显示决策者对经济和通胀的信心增强，通胀预期升温引发美股下跌，美元走升。欧元下跌，PMI数据弱于预期。数字货币走势逆转，比特币大跌回吐本周涨幅。白宫经济顾问委员会发出重修贸易协议的信号，关注美国是否可能推出更多贸易保护措施。英国央行首席经济学家警告，该行加息步伐或快于预期。,411,"['china', 'us', 'europe', 'forex', 'japan', 'commodities', 'bonds', 'shares', 'editors-choice', 'global-markets', 'weex-important', 'weex-carousel']",https://wallstreetcn.com/articles/3236570
退欧再现争议：英国希望过渡期无确定终止日 欧盟坚决反对,2018-02-22 00:27:52,王穆,https://wallstreetcn.com/authors/100001700074,周三被提前泄露的英国过渡期立场草案显示，梅政府希望不给过渡期设置终止日期，与欧盟要求过渡期在2020年底结束的鲜明立场形成分歧，梅也持续遭遇国内硬脱欧派议员的压力。,4710,"['global', 'europe', 'forex']",https://wallstreetcn.com/articles/3236434
兴业宏观春节重大事件回看：有这么三大重点,2018-02-21 21:59:03,兴业研究,https://wallstreetcn.com/authors/100001415760,兴业宏观表示，春节期间全球金融市场：“深蹲”之后的风险偏好小幅回升。春节期间重要事件扫描：美欧日央行行长“换人”有何新变化？春节期间重要事件扫描：美国贸易保护政策开始浮出水面。,467,"['us', 'europe', 'japan', 'forex', 'bonds', 'commodities', 'weex-carousel', 'weex-important']",https://wallstreetcn.com/articles/3236396
通胀来了！摩根大通看多原材料，尤其是金属,2018-02-21 20:30:46,祁月,https://wallstreetcn.com/authors/100000350111,继高盛、花旗、“新债王”之后，摩根大通也看多大宗商品，称原材料价格在经济周期的后半部分通常表现良好。以史为鉴，当通胀达到2%并持续攀升之时，贵金属和基本金属都有最佳表现。,16252,"['global', 'commodities', 'china', 'us', 'europe', 'emerging', 'regional', 'japan']",https://wallstreetcn.com/articles/3236367
黑客入侵特斯拉AWS账户只为了……挖矿,2018-02-21 18:55:57,曹泽熙,https://wallstreetcn.com/authors/120000001236,黑客入侵后，特斯拉称这一袭击影响有限，对用户隐私和汽车安全并没有造成影响。特斯拉没有透露黑客盗用其账号挖走了多少数字货币。,6278,"['global', 'us', 'enterprise', 'commodities', 'forex']",https://wallstreetcn.com/articles/3236338
大起底：孙宏斌入局乐视“旋涡”始末,2018-02-22 10:37:08,腾讯新闻《棱镜》,https://wallstreetcn.com/authors/100001690256,柳传志曾力挺贾跃亭，这是孙宏斌一股脑斥资150亿元拯救乐视的重要支撑；孙宏斌与贾跃亭曾在谁任乐视网董事长、如何填补乐视系债务窟窿等问题剑拔弩张。某乐视控股高管称，“如果说回过头重新来过，我相信老孙一定不会入这个局”。,2890,"['global', 'china', 'enterprise', 'tmt-carousel', 'tmt-firm', 'tmt-figure']",https://wallstreetcn.com/articles/3236593
读要闻 | 史上最惨的一天，沃尔玛发生了什么？,2018-02-22 10:19:09,乐鸣,https://wallstreetcn.com/authors/100001460703,无论是盈利不及预期还是进军网上销售受挫，都只是沃尔玛股价暴跌的表面原因。在看起来仍然不错的基本面支撑下，沃尔玛股价反映出的，是更深层次的“致命问题”。,2729,['global'],https://wallstreetcn.com/premium/articles/3236422?layout=wscn-layout
史上最大科技并购案“白热化”：高通临阵“加码” 博通怒斥“一意孤行”,2018-02-22 09:58:51,张一苇,https://wallstreetcn.com/authors/100001663245,博通敌意收购高通的这场科技产业史上的最大“牌局”中，高通希望通过加价敲定恩智浦案，大幅提高“彩池”规模构筑对博通的“护城河”，博通自然是不乐见的。,1890,"['global', 'china', 'us', 'economy', 'enterprise', 'shares', 'editors-choice']",https://wallstreetcn.com/articles/3236478
中俄“联手”挑战美元地位 俄大举屯金、中国发行原油期货,2018-02-22 11:39:00,WEEX,https://wallstreetcn.com/authors/100001382236,中俄加速摆脱美元钳制，俄罗斯大举购入黄金，今年一月黄金储备正式超越中国，成为全球第五大黄金储备持有国。中国则发行人民币计价的原油期货。,9,"['us', 'china', 'commodities', 'other-assets', 'weex-important', 'weex-carousel']",https://wallstreetcn.com/articles/3236652
投资区块链只能买比特币？你out了！ ,2018-02-22 11:11:03,WEEX,https://wallstreetcn.com/authors/100001382236,"如果为2017年评选一个年度单词, 比特币一定当之无愧。比特币在2017年以超过十六倍的回报吸引了全世界的目光。在这样一个巨大的风口面前，华尔街专业投资者也行动起来。",73,"['us', 'regional', 'other-assets', 'weex-institutioncomments', 'weex-important', 'weex-carousel']",https://wallstreetcn.com/articles/3236647
2-22 全球投行外汇策略内参（总表）,2018-02-22 10:49:14,WEEX,https://wallstreetcn.com/authors/100001382236,每日五分钟让全球顶尖投资机构为你解惑，一切尽在《全球投行外汇策略内参》...,136,"['us', 'europe', 'japan', 'forex', 'forex-recap', 'weex-institutioncomments', 'weex-tradingstrategies', 'weex-carousel']",https://wallstreetcn.com/articles/3236636
史上最大科技并购案“白热化”：高通临阵“加码” 博通怒斥“一意孤行”,2018-02-22 09:58:51,张一苇,https://wallstreetcn.com/authors/100001663245,博通敌意收购高通的这场科技产业史上的最大“牌局”中，高通希望通过加价敲定恩智浦案，大幅提高“彩池”规模构筑对博通的“护城河”，博通自然是不乐见的。,1890,"['global', 'china', 'us', 'economy', 'enterprise', 'shares', 'editors-choice']",https://wallstreetcn.com/articles/3236478
亚洲股市普跌 港股、日股跌1.5%,2018-02-22 09:47:28,曹泽熙,https://wallstreetcn.com/authors/120000001236,A股休市期间海外股市普涨，但周三美联储会议纪要引发美股大幅震荡收跌，周四恒指和日经指数低开后跌幅均扩大至1.5%，新加坡富时A50股指期货跌幅扩大至1.2%。,7215,"['global', 'china', 'japan', 'emerging', 'economy', 'shares']",https://wallstreetcn.com/articles/3236565
今日交易计划 | 坚持美元调整行情无需慌乱，关注10美债何时“破3”,2018-02-22 09:45:22,WEEX 交易计划,https://wallstreetcn.com/authors/120000001440,美债收益率飙升以及美股反弹暂歇为春节后的美元提供了支撑，不过这样的宏观背景暂时无法改变美元的长期颓势。春节期间欧洲、澳洲经济数据基本喜忧参半，美国经济数据则带来更多惊喜。,370,"['us', 'europe', 'japan', 'forex', 'forex-recap', 'columns', 'global-markets', 'pc-main-columns', 'weex-carousel', 'weex-important', 'weex-tradingstrategies']",https://wallstreetcn.com/articles/3236532
早盘技术分析 | 美、欧中期反转雏形已成 美/日多空激战108,2018-02-22 09:44:33,WEEX 交易计划,https://wallstreetcn.com/authors/120000001440,美元指数接近走成时间跨度长达一个月的双底结构，90.60这一潜在颈线阻力破位与否十分关键；欧元同样走成中期双顶结构雏形；美/日阶108整数关口破位与否将成短线多空分水岭。,245,"['us', 'europe', 'japan', 'forex', 'forex-recap', 'columns', 'pc-main-columns', 'weex-tradingstrategies', 'weex-carousel']",https://wallstreetcn.com/articles/3236582
新年伊始，商用卫星发射数量已接近去年全年，两大集团背后的这两只军民融合标的值得关注 | 2月22日A股盘中突发,2018-02-22 09:34:55,选股宝盘中突发,https://wallstreetcn.com/authors/120000002047,** 本文为选股宝最新上线【A股盘中突发】栏目，每个交易日盘中滚动发布，挖掘最新的重要题材机会，帮你第一时间潜伏热点。欢迎包时段订阅。**,56,"['china', 'economy', 'enterprise', 'shares']",https://wallstreetcn.com/premium/articles/3236576?layout=wscn-layout
春节回顾之电影篇：“史上最强春节档”！ 这可持续吗？,2018-02-22 08:58:57,曹泽熙,https://wallstreetcn.com/authors/120000001236,7天创55亿元票房，狗年春节档成史上最强。这背后是人口回流放大渠道下沉红利、超长假期放大好内容需求红利、春节国民消费意愿放大消费升级红利。然而这三大因素或具有不可复制性。,3425,"['global', 'china', 'economy', 'shares']",https://wallstreetcn.com/articles/3236546
超出所有人预期！增速爆表+机构一致看多，它是节后最确定的机会；春节期间这个小金属价格创10年新高——2月21日脱水研报,2018-02-22 08:35:28,脱水研报,https://wallstreetcn.com/authors/120000000496,"1、独家挖出一个10亿级别大品种！这家药企核心品种刚通过一致性评价，股价刚开始启动
2、价格暴涨近10倍，分析师一直喊的提价空间真的兑现了
3、增速爆表+机构一致看多，此板块是节后最确定的机会，最受益标的帮你圈好了
4、右侧买入信号已出现，抢反弹买什么？
5、最受资金追捧的高分红，又给你挖出来3个潜力个股，进可攻退可守
6、节前最火的板块，节后最可能暴动的时间点都标注出来了
7、春节期间这个小金属价格创10年新高，开工利是全靠它",13059,"['global', 'china', 'economy', 'enterprise', 'shares']",https://wallstreetcn.com/premium/articles/3236360?layout=wscn-layout
亚洲股市普跌 港股、日股跌1.5%,2018-02-22 09:47:28,曹泽熙,https://wallstreetcn.com/authors/120000001236,A股休市期间海外股市普涨，但周三美联储会议纪要引发美股大幅震荡收跌，周四恒指和日经指数低开后跌幅均扩大至1.5%，新加坡富时A50股指期货跌幅扩大至1.2%。,7215,"['global', 'china', 'japan', 'emerging', 'economy', 'shares']",https://wallstreetcn.com/articles/3236565
中国央行时隔16日重启逆回购 今日净投放3500亿元,2018-02-22 09:47:16,张一苇,https://wallstreetcn.com/authors/100001663245,人民银行今日净投放3500亿元流动性，分别为1600亿元7天期、1300亿元28天期和600亿元63天期逆回购。今日无逆回购到期，但有2435亿元MLF到期。,2256,"['global', 'china', 'economy']",https://wallstreetcn.com/articles/3236573
新年伊始，商用卫星发射数量已接近去年全年，两大集团背后的这两只军民融合标的值得关注 | 2月22日A股盘中突发,2018-02-22 09:34:55,选股宝盘中突发,https://wallstreetcn.com/authors/120000002047,** 本文为选股宝最新上线【A股盘中突发】栏目，每个交易日盘中滚动发布，挖掘最新的重要题材机会，帮你第一时间潜伏热点。欢迎包时段订阅。**,56,"['china', 'economy', 'enterprise', 'shares']",https://wallstreetcn.com/premium/articles/3236576?layout=wscn-layout
春节回顾之电影篇：“史上最强春节档”！ 这可持续吗？,2018-02-22 08:58:57,曹泽熙,https://wallstreetcn.com/authors/120000001236,7天创55亿元票房，狗年春节档成史上最强。这背后是人口回流放大渠道下沉红利、超长假期放大好内容需求红利、春节国民消费意愿放大消费升级红利。然而这三大因素或具有不可复制性。,3425,"['global', 'china', 'economy', 'shares']",https://wallstreetcn.com/articles/3236546
2.21机构挂单汇总 | 接下来，就看美联储纪要了,2018-02-21 21:08:28,WEEX,https://wallstreetcn.com/authors/100001382236," 
DTCC 2月21日更新了欧盘时段机构挂单情况，美元指数日内继续保持领先，在欧洲的PMI数据之后，市场焦点都开始集中在美联储的会议纪要上。投资者要对本次纪要保持重视，投行们的观点基本集中在三个要点上。",636,"['us', 'europe', 'japan', 'forex', 'weex-carousel', 'weex-important']",https://wallstreetcn.com/articles/3236369
通胀来了！摩根大通看多原材料，尤其是金属,2018-02-21 20:30:46,祁月,https://wallstreetcn.com/authors/100000350111,继高盛、花旗、“新债王”之后，摩根大通也看多大宗商品，称原材料价格在经济周期的后半部分通常表现良好。以史为鉴，当通胀达到2%并持续攀升之时，贵金属和基本金属都有最佳表现。,16252,"['global', 'commodities', 'china', 'us', 'europe', 'emerging', 'regional', 'japan']",https://wallstreetcn.com/articles/3236367
英国ILO失业率和就业人数不及预期，英镑短线下跌逾40点,2018-02-21 17:43:20,WEEX,https://wallstreetcn.com/authors/100001382236,英国2月21日公布数据显示，英国ILO失业率略有升高，同时就业人数远不及预期，英镑断线下跌了大约40点，不过薪资和失业金申请的情况尚可。,337,"['europe', 'forex', 'weex-carousel', 'weex-important']",https://wallstreetcn.com/articles/3236318
欧元区2月制造业PMI初值创四个月新低 一季度经济仍可能强劲增长,2018-02-21 17:03:03,曹泽熙,https://wallstreetcn.com/authors/120000001236,周三公布的数据显示，欧元区2月制造业PMI初值 58.5，预期 59.2，前值 59.6。德国和法国2月PMI数据均低于预期。但分析认为，一季度欧元区经济仍有望强劲增长。,5269,"['global', 'europe', 'economy']",https://wallstreetcn.com/articles/3236300
比特币再度千元狂跌：11000关口争夺战,2018-02-21 15:12:00,WEEX,https://wallstreetcn.com/authors/100001382236,比特币周三（2月21日）日内一度下跌超过1000美元，迅速跌至11000下方，随后有所反弹，目前与11000一线徘徊。,380,"['us', 'weex-carousel', 'weex-important', 'commodities']",https://wallstreetcn.com/articles/3236292
委内瑞拉“石油币”预售首日 获7.35亿美元订单,2018-02-21 14:56:58,曹泽熙,https://wallstreetcn.com/authors/120000001236,石油币同委内瑞拉一篮子油价直接挂钩，并得到该国石油、天然气、黄金和钻石资源的支持。分析认为，面对债务高企、通胀居高不下的局面，委内瑞拉发行石油币是希望开辟一条规避制裁的道路。,10645,"['global', 'emerging', 'economy', 'commodities', 'forex']",https://wallstreetcn.com/articles/3236280
今日交易提醒：美元美股美债状况频出，黄金跌逾1%，而今天的重点在下半场,2018-02-21 10:45:13,WEEX,https://wallstreetcn.com/authors/100001382236,隔夜美债收益率逐步逼近3%关口，美元指数有所上涨，目前在G10货币中处于领先地位。2月21日市场将迎来一些重要数据，除了英国的薪资数据之外，还有欧元区各国的PMI数据，周四凌晨美联储还将公布会议纪要。,1474,"['us', 'forex', 'weex-carousel', 'weex-important', 'commodities', 'shares', 'bonds', 'europe', 'japan', 'emerging']",https://wallstreetcn.com/articles/3236249
史上最大科技并购案“白热化”：高通临阵“加码” 博通怒斥“一意孤行”,2018-02-22 09:58:51,张一苇,https://wallstreetcn.com/authors/100001663245,博通敌意收购高通的这场科技产业史上的最大“牌局”中，高通希望通过加价敲定恩智浦案，大幅提高“彩池”规模构筑对博通的“护城河”，博通自然是不乐见的。,1890,"['global', 'china', 'us', 'economy', 'enterprise', 'shares', 'editors-choice']",https://wallstreetcn.com/articles/3236478
我国量子芯片研制再获新进展，这所高校成为核心力量，背后这类A股望复制“中科院概念”行情 | 2月22日A股盘中突发,2018-02-22 09:58:39,选股宝盘中突发,https://wallstreetcn.com/authors/120000002047,** 本文为选股宝最新上线【A股盘中突发】栏目，每个交易日盘中滚动发布，挖掘最新的重要题材机会，帮你第一时间潜伏热点。欢迎包时段订阅。**,116,"['china', 'economy', 'enterprise', 'shares']",https://wallstreetcn.com/premium/articles/3236594?layout=wscn-layout
近四年最大同比跌幅 美国成屋销售连续第二个月下滑,2018-02-21 23:05:36,方芳,https://wallstreetcn.com/authors/120000002009,"美国1月成屋销售总数538万，不及预期的562万，意外连续第二个月下滑，主要受房屋库存不足的拖累。较去年同期，美国1月成屋销售总数同比下降4.8%, 创2014年8月以来最大同比跌幅。",2973,"['global', 'us', 'charts']",https://wallstreetcn.com/articles/3236421
下周重磅财经事件一览：欧美央妈会议纪要、美联储官员密集讲话、巴菲特致股东信,2018-02-18 10:48:03,刘怡心,https://wallstreetcn.com/authors/100001393675,下周，所有人都盯着美联储，敏感的市场紧盯任何关于通胀的表态,21862,"['global', 'china', 'us', 'europe', 'japan', 'emerging', 'regional', 'calendar', 'charts', 'economy', 'editors-choice', 'enterprise', 'forecasts']",https://wallstreetcn.com/premium/articles/3235735?layout=wscn-layout
亚洲股市普跌 港股、日股跌1.5%,2018-02-22 09:47:28,曹泽熙,https://wallstreetcn.com/authors/120000001236,A股休市期间海外股市普涨，但周三美联储会议纪要引发美股大幅震荡收跌，周四恒指和日经指数低开后跌幅均扩大至1.5%，新加坡富时A50股指期货跌幅扩大至1.2%。,7215,"['global', 'china', 'japan', 'emerging', 'economy', 'shares']",https://wallstreetcn.com/articles/3236565
中国央行时隔16日重启逆回购 今日净投放3500亿元,2018-02-22 09:47:16,张一苇,https://wallstreetcn.com/authors/100001663245,人民银行今日净投放3500亿元流动性，分别为1600亿元7天期、1300亿元28天期和600亿元63天期逆回购。今日无逆回购到期，但有2435亿元MLF到期。,2256,"['global', 'china', 'economy']",https://wallstreetcn.com/articles/3236573
春节回顾之电影篇：“史上最强春节档”！ 这可持续吗？,2018-02-22 08:58:57,曹泽熙,https://wallstreetcn.com/authors/120000001236,7天创55亿元票房，狗年春节档成史上最强。这背后是人口回流放大渠道下沉红利、超长假期放大好内容需求红利、春节国民消费意愿放大消费升级红利。然而这三大因素或具有不可复制性。,3425,"['global', 'china', 'economy', 'shares']",https://wallstreetcn.com/articles/3236546
隔夜市场观察：美联储纪要推高美元，美股走低；数字货币涨势逆转 比特币大跌,2018-02-22 09:56:21,WEEX,https://wallstreetcn.com/authors/100001382236,周四凌晨公布的美联储1月31日会议纪要显示决策者对经济和通胀的信心增强，通胀预期升温引发美股下跌，美元走升。欧元下跌，PMI数据弱于预期。数字货币走势逆转，比特币大跌回吐本周涨幅。白宫经济顾问委员会发出重修贸易协议的信号，关注美国是否可能推出更多贸易保护措施。英国央行首席经济学家警告，该行加息步伐或快于预期。,411,"['china', 'us', 'europe', 'forex', 'japan', 'commodities', 'bonds', 'shares', 'editors-choice', 'global-markets', 'weex-important', 'weex-carousel']",https://wallstreetcn.com/articles/3236570
今日交易计划 | 坚持美元调整行情无需慌乱，关注10美债何时“破3”,2018-02-22 09:45:22,WEEX 交易计划,https://wallstreetcn.com/authors/120000001440,美债收益率飙升以及美股反弹暂歇为春节后的美元提供了支撑，不过这样的宏观背景暂时无法改变美元的长期颓势。春节期间欧洲、澳洲经济数据基本喜忧参半，美国经济数据则带来更多惊喜。,370,"['us', 'europe', 'japan', 'forex', 'forex-recap', 'columns', 'global-markets', 'pc-main-columns', 'weex-carousel', 'weex-important', 'weex-tradingstrategies']",https://wallstreetcn.com/articles/3236532
春节回顾之旅游篇：南下避寒、北上玩雪,2018-02-22 08:12:20,张一苇,https://wallstreetcn.com/authors/100001663245,春节期间三亚成为冬季避寒热门目的地，免税购物增长迅猛。主打滑雪、温泉游的黑龙江、辽宁亦实现接待人次的稳健增长。出境游方面，东南亚地区热度依旧，海岛游最受游客欢迎；泰国成为人气最高出境游国家，日本居次席。,2138,"['global', 'china', 'economy', 'enterprise', 'shares', 'emerging', 'japan']",https://wallstreetcn.com/articles/3236484
兴业宏观春节重大事件回看：有这么三大重点,2018-02-21 21:59:03,兴业研究,https://wallstreetcn.com/authors/100001415760,兴业宏观表示，春节期间全球金融市场：“深蹲”之后的风险偏好小幅回升。春节期间重要事件扫描：美欧日央行行长“换人”有何新变化？春节期间重要事件扫描：美国贸易保护政策开始浮出水面。,467,"['us', 'europe', 'japan', 'forex', 'bonds', 'commodities', 'weex-carousel', 'weex-important']",https://wallstreetcn.com/articles/3236396
2.21机构挂单汇总 | 接下来，就看美联储纪要了,2018-02-21 21:08:28,WEEX,https://wallstreetcn.com/authors/100001382236," 
DTCC 2月21日更新了欧盘时段机构挂单情况，美元指数日内继续保持领先，在欧洲的PMI数据之后，市场焦点都开始集中在美联储的会议纪要上。投资者要对本次纪要保持重视，投行们的观点基本集中在三个要点上。",636,"['us', 'europe', 'japan', 'forex', 'weex-carousel', 'weex-important']",https://wallstreetcn.com/articles/3236369
春节回顾之旅游篇：南下避寒、北上玩雪,2018-02-22 08:12:20,张一苇,https://wallstreetcn.com/authors/100001663245,春节期间三亚成为冬季避寒热门目的地，免税购物增长迅猛。主打滑雪、温泉游的黑龙江、辽宁亦实现接待人次的稳健增长。出境游方面，东南亚地区热度依旧，海岛游最受游客欢迎；泰国成为人气最高出境游国家，日本居次席。,2138,"['global', 'china', 'economy', 'enterprise', 'shares', 'emerging', 'japan']",https://wallstreetcn.com/articles/3236484
看市场 | 隔夜全球市场最大变化  五张图看懂,2018-02-22 08:03:03,见闻美股,https://wallstreetcn.com/authors/120000001143,联储会议纪要引发美股过山车，道指盘中高位回落500点！；美债收益率继续攀升，10年债收益率触及4年高位！数字货币集体大跌，比特币回吐本周涨幅。,7640,"['global', 'us', 'shares', 'enterprise', 'bonds']",https://wallstreetcn.com/premium/articles/3236451?layout=wscn-layout
读要闻 | 如何看待“更自信”的美联储？一文读懂1月FOMC会议纪要,2018-02-22 07:50:31,王穆,https://wallstreetcn.com/authors/100001700074,伴随美债收益率走高，美股、美元、黄金“V型”反转。两周前造成美股深跌盘整的逻辑又回来了？,7126,"['global', 'us', 'shares', 'bonds', 'commodities', 'forex', 'economy']",https://wallstreetcn.com/premium/articles/3236461?layout=wscn-layout
一周策略前瞻：美股创5年单周最大涨幅，A股呢？,2018-02-22 07:30:11,选股宝,https://wallstreetcn.com/authors/100000330114,在A股春节假期的一周里，美股港股都迎来可观幅度的上涨，美股更是创造5年来的单周最大涨幅。在外围市场利好刺激下，本周分析师普遍看好短时间A股的走势。招商张夏直言A股市场会经历两个月左右的蜜月期。华创王君认为调整前的强势板块不论在反弹顺序还是反弹幅度上都更为占优。,4,"['global', 'china', 'shares', 'a-shares']",https://m.xuangubao.cn/message/244662
超出所有人预期！增速爆表+机构一致看多，它是节后最确定的机会；春节期间这个小金属价格创10年新高——2月21日脱水研报,2018-02-22 08:35:28,脱水研报,https://wallstreetcn.com/authors/120000000496,"1、独家挖出一个10亿级别大品种！这家药企核心品种刚通过一致性评价，股价刚开始启动
2、价格暴涨近10倍，分析师一直喊的提价空间真的兑现了
3、增速爆表+机构一致看多，此板块是节后最确定的机会，最受益标的帮你圈好了
4、右侧买入信号已出现，抢反弹买什么？
5、最受资金追捧的高分红，又给你挖出来3个潜力个股，进可攻退可守
6、节前最火的板块，节后最可能暴动的时间点都标注出来了
7、春节期间这个小金属价格创10年新高，开工利是全靠它",13059,"['global', 'china', 'economy', 'enterprise', 'shares']",https://wallstreetcn.com/premium/articles/3236360?layout=wscn-layout
私募基金专项检查启动 多家知名私募在列,2018-02-22 08:16:57,叶桢,https://wallstreetcn.com/authors/100001705778,从证监会网站获悉，上海、福建、四川、山西、宁夏、大连、陕西等7个地区证监局已发布通知，近日启动辖区内私募基金现场检查随机抽查工作，已有69家私募被抽中。包括喆颢资管、富善投资、映雪投资、巨杉资产、国富投资等知名机构。,8017,"['global', 'china']",https://wallstreetcn.com/articles/3236481
曾鸣：区块链是生产关系的变革，真正的供给侧革命,2018-02-22 08:15:11,张少华,https://wallstreetcn.com/authors/100001690256,阿里集团学术委员会主席、湖畔大学教育长曾鸣认为，区块链让点对点之间的交换和合作成本大幅下降，这将极大地推动分工进一步细化，带动生产力迎来又一轮大发展。BAT目前在区块链没有大动作是因为没看到切入点。,5275,"['global', 'china', 'tmt-carousel', 'tmt-figure', 'tmt-fintech', 'tmt-firm']",https://wallstreetcn.com/articles/3236450
薪资好于预期也没用！澳洲联储被悄悄“踢出”加息行列,2018-02-21 14:41:52,WEEX,https://wallstreetcn.com/authors/100001382236,2月21日澳大利亚公布的薪资数据略好于预期，但投行认为数据并不足以让澳洲联储加息。去年年末市场曾对包括澳洲联储在内的其他央行加息进行大肆炒作，但现在澳洲联储似乎悄悄的被踢出了加息的行列。昨日小摩已经祭出了类似的言论。,478,"['us', 'europe', 'forex', 'regional', 'weex-carousel', 'weex-important']",https://wallstreetcn.com/articles/3236285
操纵选举、劫持无人机和汽车…这是专家们对AI技术的最新警告,2018-02-21 12:07:37,曹泽熙,https://wallstreetcn.com/authors/120000001236,AI对人类的威胁不仅是夺走工作机会。专家认为，被恶意使用的AI技术，不仅可能操纵选举，制造精准网络攻击，还可能劫持无人机和汽车。未来，迅猛发展的AI技术可能会助推网络犯罪急剧增加。,5444,"['global', 'china', 'us', 'europe', 'japan', 'economy']",https://wallstreetcn.com/articles/3236263
股市巨震后 金矿ETF吸引大量资金,2018-02-21 10:17:22,曹泽熙,https://wallstreetcn.com/authors/120000001236,全美历史最悠久的金矿ETF在过去一周中吸收了5.29亿美元的资金，创下了2013年9月来单周资金流入的记录。与此同时，由于股市震荡，科技股和标普500ETF面临大规模资金流出。,8731,"['global', 'us', 'shares', 'commodities', 'forex']",https://wallstreetcn.com/articles/3236247
沃尔玛拖累标普道指终结六连涨 美国巨额发债美债普跌 比特币逼近12000美元,2018-02-21 06:41:49,王维丹,https://wallstreetcn.com/authors/75,道指跌超250点，成分股沃尔玛跌约10%；2年期美债收益率盘中创近十年新高；美元指数反弹创六日新高；期金跌1.7%，创约一周盘中新低；美油收创两周新高；比特币几乎较两周前低位翻倍。,28982,"['global', 'us', 'shares', 'bonds', 'forex', 'commodities', 'us-shares', 'other-assets']",https://wallstreetcn.com/articles/3236216
OPEC称市场再平衡加速实现 油价持续走高,2018-02-20 19:25:47,张家伟,https://wallstreetcn.com/authors/100000350101,继昨日产油国高官表态力挺油价后，彭博今日报道称，OPEC与非OPEC联合技术委员会认为，油市再平衡有望在今年二季度或三季度就能实现。油价今日继续上行，WTI油价最高涨至62.64美元/桶，创两周新高。,3999,"['global', 'regional', 'commodities']",https://wallstreetcn.com/articles/3236160
亚洲股市普跌 港股、日股跌1.5%,2018-02-22 09:47:28,曹泽熙,https://wallstreetcn.com/authors/120000001236,A股休市期间海外股市普涨，但周三美联储会议纪要引发美股大幅震荡收跌，周四恒指和日经指数低开后跌幅均扩大至1.5%，新加坡富时A50股指期货跌幅扩大至1.2%。,7215,"['global', 'china', 'japan', 'emerging', 'economy', 'shares']",https://wallstreetcn.com/articles/3236565
中国央行时隔16日重启逆回购 今日净投放3500亿元,2018-02-22 09:47:16,张一苇,https://wallstreetcn.com/authors/100001663245,人民银行今日净投放3500亿元流动性，分别为1600亿元7天期、1300亿元28天期和600亿元63天期逆回购。今日无逆回购到期，但有2435亿元MLF到期。,2256,"['global', 'china', 'economy']",https://wallstreetcn.com/articles/3236573
新年伊始，商用卫星发射数量已接近去年全年，两大集团背后的这两只军民融合标的值得关注 | 2月22日A股盘中突发,2018-02-22 09:34:55,选股宝盘中突发,https://wallstreetcn.com/authors/120000002047,** 本文为选股宝最新上线【A股盘中突发】栏目，每个交易日盘中滚动发布，挖掘最新的重要题材机会，帮你第一时间潜伏热点。欢迎包时段订阅。**,56,"['china', 'economy', 'enterprise', 'shares']",https://wallstreetcn.com/premium/articles/3236576?layout=wscn-layout
美国1月新屋开工涨至一年新高 营建许可创十年半最高,2018-02-16 22:26:51,王穆,https://wallstreetcn.com/authors/100001700074,1月美国新屋开工环比涨9.7%，年化总数132.6万户，创2016年8月以来最高。营建许可的年化总数也涨至2007年以来最高，有望延续2017年作为金融危机以来最强劲的住房建设记录。,4325,"['global', 'us', 'charts', 'economy', 'shares', 'forex']",https://wallstreetcn.com/articles/3235638
通胀上行的又一力证：美国1月PPI全面好于预期,2018-02-15 22:34:50,王穆,https://wallstreetcn.com/authors/100001700074,美国1月名义与核心PPI的环比和同比涨幅，均符合或超过预期，得益于汽油价格大涨及医疗护理成本更高，后者有望传导至核心PCE通胀指标中。纽约和费城联储制造业支付价格指数也显示通胀正在回涨。,1096,"['global', 'charts', 'us', 'economy', 'forex']",https://wallstreetcn.com/articles/3235488
美国EIA原油库存增幅低于预期 油价由跌转涨,2018-02-14 23:35:36,方芳,https://wallstreetcn.com/authors/120000002009,"美国2月9日当周EIA原油库存增加184.1万桶，低于预期的增幅。此外，美国原油交割地库欣地区的原油库存降至2015年1月以来新低。数据公布后，美油与布伦特原油价格均由跌转涨。
",2282,"['global', 'us', 'charts', 'gold-oil']",https://wallstreetcn.com/articles/3235329
超出所有人预期！增速爆表+机构一致看多，它是节后最确定的机会；春节期间这个小金属价格创10年新高——2月21日脱水研报,2018-02-22 08:35:28,脱水研报,https://wallstreetcn.com/authors/120000000496,"1、独家挖出一个10亿级别大品种！这家药企核心品种刚通过一致性评价，股价刚开始启动
2、价格暴涨近10倍，分析师一直喊的提价空间真的兑现了
3、增速爆表+机构一致看多，此板块是节后最确定的机会，最受益标的帮你圈好了
4、右侧买入信号已出现，抢反弹买什么？
5、最受资金追捧的高分红，又给你挖出来3个潜力个股，进可攻退可守
6、节前最火的板块，节后最可能暴动的时间点都标注出来了
7、春节期间这个小金属价格创10年新高，开工利是全靠它",13059,"['global', 'china', 'economy', 'enterprise', 'shares']",https://wallstreetcn.com/premium/articles/3236360?layout=wscn-layout
私募基金专项检查启动 多家知名私募在列,2018-02-22 08:16:57,叶桢,https://wallstreetcn.com/authors/100001705778,从证监会网站获悉，上海、福建、四川、山西、宁夏、大连、陕西等7个地区证监局已发布通知，近日启动辖区内私募基金现场检查随机抽查工作，已有69家私募被抽中。包括喆颢资管、富善投资、映雪投资、巨杉资产、国富投资等知名机构。,8017,"['global', 'china']",https://wallstreetcn.com/articles/3236481
【黄金晨报】“鹰派”美联储纪要提振美元 黄金“四连跌”创逾一周新低,2018-02-22 08:16:11,黄金头条,https://wallstreetcn.com/authors/636101,现货黄金在美联储会议纪要发布后短线冲高逾7美元，后迅速转跌。美元指数则先抑后扬，冲上90关口上方。会议纪要显示，多位美联储官员暗示上调了近期增长预期 ，几乎所有官员仍预计通胀中期会达到目标，少数人担心长期通胀预期下跌；大多数官员预计，经济走强增加了未来加息可能性。,4587,"['gold-carousel', 'gold', 'global']",https://wallstreetcn.com/articles/3236476
早盘技术分析 | 美、欧中期反转雏形已成 美/日多空激战108,2018-02-22 09:44:33,WEEX 交易计划,https://wallstreetcn.com/authors/120000001440,美元指数接近走成时间跨度长达一个月的双底结构，90.60这一潜在颈线阻力破位与否十分关键；欧元同样走成中期双顶结构雏形；美/日阶108整数关口破位与否将成短线多空分水岭。,245,"['us', 'europe', 'japan', 'forex', 'forex-recap', 'columns', 'pc-main-columns', 'weex-tradingstrategies', 'weex-carousel']",https://wallstreetcn.com/articles/3236582
看市场 | 隔夜全球市场最大变化  五张图看懂,2018-02-22 08:03:03,见闻美股,https://wallstreetcn.com/authors/120000001143,联储会议纪要引发美股过山车，道指盘中高位回落500点！；美债收益率继续攀升，10年债收益率触及4年高位！数字货币集体大跌，比特币回吐本周涨幅。,7640,"['global', 'us', 'shares', 'enterprise', 'bonds']",https://wallstreetcn.com/premium/articles/3236451?layout=wscn-layout
读要闻 | 如何看待“更自信”的美联储？一文读懂1月FOMC会议纪要,2018-02-22 07:50:31,王穆,https://wallstreetcn.com/authors/100001700074,伴随美债收益率走高，美股、美元、黄金“V型”反转。两周前造成美股深跌盘整的逻辑又回来了？,7126,"['global', 'us', 'shares', 'bonds', 'commodities', 'forex', 'economy']",https://wallstreetcn.com/premium/articles/3236461?layout=wscn-layout
通胀来了！摩根大通看多原材料，尤其是金属,2018-02-21 20:30:46,祁月,https://wallstreetcn.com/authors/100000350111,继高盛、花旗、“新债王”之后，摩根大通也看多大宗商品，称原材料价格在经济周期的后半部分通常表现良好。以史为鉴，当通胀达到2%并持续攀升之时，贵金属和基本金属都有最佳表现。,16252,"['global', 'commodities', 'china', 'us', 'europe', 'emerging', 'regional', 'japan']",https://wallstreetcn.com/articles/3236367
操纵选举、劫持无人机和汽车…这是专家们对AI技术的最新警告,2018-02-21 12:07:37,曹泽熙,https://wallstreetcn.com/authors/120000001236,AI对人类的威胁不仅是夺走工作机会。专家认为，被恶意使用的AI技术，不仅可能操纵选举，制造精准网络攻击，还可能劫持无人机和汽车。未来，迅猛发展的AI技术可能会助推网络犯罪急剧增加。,5444,"['global', 'china', 'us', 'europe', 'japan', 'economy']",https://wallstreetcn.com/articles/3236263
今日交易提醒：美元美股美债状况频出，黄金跌逾1%，而今天的重点在下半场,2018-02-21 10:45:13,WEEX,https://wallstreetcn.com/authors/100001382236,隔夜美债收益率逐步逼近3%关口，美元指数有所上涨，目前在G10货币中处于领先地位。2月21日市场将迎来一些重要数据，除了英国的薪资数据之外，还有欧元区各国的PMI数据，周四凌晨美联储还将公布会议纪要。,1474,"['us', 'forex', 'weex-carousel', 'weex-important', 'commodities', 'shares', 'bonds', 'europe', 'japan', 'emerging']",https://wallstreetcn.com/articles/3236249
读要闻 | 通俄门、桃色门、控枪门，谁会是压倒特朗普的最后一根稻草？,2018-02-22 03:45:15,王穆,https://wallstreetcn.com/authors/100001700074,美股市场最大的“灰犀牛”其实是特朗普本人。最近一周的证据显示，“通俄门”调查愈演愈烈，除了关注通胀和利率，你还需要关心这个风险。,11952,"['us', 'shares', 'bonds', 'economy', 'global']",https://wallstreetcn.com/premium/articles/3236218?layout=wscn-layout
耶伦“告别”会议纪要释放强烈信号：加息、加息、加息！,2018-02-22 03:05:17,王维丹,https://wallstreetcn.com/authors/75,纪要显示，几乎所有官员仍预计通胀中期会达到目标，少数人担心长期通胀预期下跌；大多数官员预计，经济走强增加了未来加息可能性。后美股涨幅扩大，美元美债跌黄金涨，市场预计今年三次和四次加息概率均上升。,30913,"['global', 'us', 'economy', 'shares', 'commodities', 'forex', 'bonds', 'us-shares']",https://wallstreetcn.com/articles/3236439
绿光资本主席Einhorn: 我们刚经历了2000年3月来最糟月份,2018-02-22 02:17:48,方芳,https://wallstreetcn.com/authors/120000002009,对冲基金绿光资本的主席David Einhorn宣布，上个月，该基金刚经历了近20年来最糟糕的月份。今年1月绿光投资组合的回报率下跌5.5%，而同期标普上涨5.6%。但是Einhorn依然相信，投资环境将马上转变为有利于价值投资。周三截止发稿，绿光资本股价下跌近4%，今年股价累计下跌16%。,4730,"['global', 'us', 'shares', 'fundcn', 'person']",https://wallstreetcn.com/articles/3236436
春节回顾之旅游篇：南下避寒、北上玩雪,2018-02-22 08:12:20,张一苇,https://wallstreetcn.com/authors/100001663245,春节期间三亚成为冬季避寒热门目的地，免税购物增长迅猛。主打滑雪、温泉游的黑龙江、辽宁亦实现接待人次的稳健增长。出境游方面，东南亚地区热度依旧，海岛游最受游客欢迎；泰国成为人气最高出境游国家，日本居次席。,2138,"['global', 'china', 'economy', 'enterprise', 'shares', 'emerging', 'japan']",https://wallstreetcn.com/articles/3236484
春节回顾之消费篇：新零售的首个春节，我们看到了什么？,2018-02-22 07:52:04, 国君零售訾猛团队,https://wallstreetcn.com/authors/120000001236,农村淘宝春节数据显示地处西北的青海，蔬果消费额同比增长8倍多；盛产牛羊的内蒙古，水产开销增长近5倍。春节期间京、杭、沪盒马鲜生客流到店消费人数分别比平时增长了131%、129%、89%。,4063,"['global', 'china', 'economy']",https://wallstreetcn.com/articles/3236480
一周策略前瞻：美股创5年单周最大涨幅，A股呢？,2018-02-22 07:30:11,选股宝,https://wallstreetcn.com/authors/100000330114,在A股春节假期的一周里，美股港股都迎来可观幅度的上涨，美股更是创造5年来的单周最大涨幅。在外围市场利好刺激下，本周分析师普遍看好短时间A股的走势。招商张夏直言A股市场会经历两个月左右的蜜月期。华创王君认为调整前的强势板块不论在反弹顺序还是反弹幅度上都更为占优。,4,"['global', 'china', 'shares', 'a-shares']",https://m.xuangubao.cn/message/244662
经历暴跌后反弹，股市未来会二次探底吗？——2月21日海外脱水研报  ,2018-02-21 22:41:24,见闻美股,https://wallstreetcn.com/authors/120000001143,经历暴跌后，美股未来究竟是V型反转还是W型二次探底？；欧美市场震荡下，中国股市如何买？；特朗普钢铁调查究竟会对国内钢铁股带来怎样的冲击？,10465,"['global', 'china', 'enterprise', 'shares', 'us', 'bonds']",https://wallstreetcn.com/articles/3236301
今日交易提醒：美元美股美债状况频出，黄金跌逾1%，而今天的重点在下半场,2018-02-21 10:45:13,WEEX,https://wallstreetcn.com/authors/100001382236,隔夜美债收益率逐步逼近3%关口，美元指数有所上涨，目前在G10货币中处于领先地位。2月21日市场将迎来一些重要数据，除了英国的薪资数据之外，还有欧元区各国的PMI数据，周四凌晨美联储还将公布会议纪要。,1474,"['us', 'forex', 'weex-carousel', 'weex-important', 'commodities', 'shares', 'bonds', 'europe', 'japan', 'emerging']",https://wallstreetcn.com/articles/3236249
桥水的“敌人”：欧洲上市公司利润激增,2018-02-21 00:37:30,方芳,https://wallstreetcn.com/authors/120000002009,近期全球最大对冲基金桥水对欧洲空仓规模增加至220亿美元，而此时桥水遭遇到其最大的“敌人”－－欧洲上市公司利润的激增。截止上周五，Stoxx欧洲600股指中的294家公司中，一半以上的公司季度业绩好于分析师预期。对比一年前，每股收益同比增长16%，其中能源，材料和消费品板块的公司增长强劲。,5098,"['global', 'us', 'europe', 'enterprise']",https://wallstreetcn.com/articles/3236208
欧盟“最高层”沟通警告特朗普：若贸易保护影响出口，欧洲准备还击,2018-02-20 23:33:29,王维丹,https://wallstreetcn.com/authors/75,欧盟发言人称，“已经明确向美国政府的最高层表示，我们会对影响欧盟产业的措施深切关注”，做好准备，“一旦我们的出口受到美国任何限制措施的影响，就会迅速地恰当回应。”,31287,"['global', 'us', 'europe', 'economy', 'china', 'regional', 'gold-macro']",https://wallstreetcn.com/articles/3236203
澳元的危机？小摩：澳大利亚经济和全球有些“脱节”,2018-02-20 20:24:05,摩根大通集团,https://wallstreetcn.com/authors/100001540940,澳元2月20日早些时候在G10货币中领先，欧盘开始之后有所回落。去年年末澳元上涨迅速，但随后曾回吐大约一半的涨幅，小摩的最新公开的报告中认为，澳洲经济状况堪忧，并且可能还会持续数年。,762,"['europe', 'forex', 'weex-carousel', 'weex-important']",https://wallstreetcn.com/articles/3236168
比特币重回11000上方：汇丰仍持怀疑态度，韩国监管者于家中去世,2018-02-20 15:09:24,WEEX,https://wallstreetcn.com/authors/100001382236,比特币此前一直徘徊于8000上方，直至中国农历春节期间有大笔资金买入，2月20日已经回升至11500附近，汇丰集团发布报告称，数字货币现在仍然非常投机，仍然持怀疑态度。另据韩国的消息称，韩国的重要数字货币监管者被发现在家中去世。,580,"['weex-carousel', 'weex-important', 'us', 'commodities']",https://wallstreetcn.com/articles/3236126
巨额交易再现！“神秘人”豪掷4000万美元买入比特币,2018-02-20 10:36:34,WEEX,https://wallstreetcn.com/authors/100001382236,比特币市场再次出现神秘大买家，有人豪掷4000万美元加入这场豪赌。在比特币最近的反弹后，上述神秘买家也即将步入所谓比特币亿万富翁行列。,904,"['commodities', 'weex-important', 'weex-carousel']",https://wallstreetcn.com/articles/3236080
英国央行行长：比特币成为货币的愿景已“基本宣告失败”,2018-02-20 10:13:23,陶旖洁,https://wallstreetcn.com/authors/100001377409,卡尼称，比特币已被“充分证明”，不能被作为一种传统标准下的货币，它既不能保值，也不是以物易物的媒介。不过卡尼也承认了区块链技术的合理性，认为其支撑了去中心化的金融交易。,69254,"['global', 'commodities', 'europe', 'economy']",https://wallstreetcn.com/articles/3236042
春节回顾之电影篇：“史上最强春节档”！ 这可持续吗？,2018-02-22 08:58:57,曹泽熙,https://wallstreetcn.com/authors/120000001236,7天创55亿元票房，狗年春节档成史上最强。这背后是人口回流放大渠道下沉红利、超长假期放大好内容需求红利、春节国民消费意愿放大消费升级红利。然而这三大因素或具有不可复制性。,3425,"['global', 'china', 'economy', 'shares']",https://wallstreetcn.com/articles/3236546
超出所有人预期！增速爆表+机构一致看多，它是节后最确定的机会；春节期间这个小金属价格创10年新高——2月21日脱水研报,2018-02-22 08:35:28,脱水研报,https://wallstreetcn.com/authors/120000000496,"1、独家挖出一个10亿级别大品种！这家药企核心品种刚通过一致性评价，股价刚开始启动
2、价格暴涨近10倍，分析师一直喊的提价空间真的兑现了
3、增速爆表+机构一致看多，此板块是节后最确定的机会，最受益标的帮你圈好了
4、右侧买入信号已出现，抢反弹买什么？
5、最受资金追捧的高分红，又给你挖出来3个潜力个股，进可攻退可守
6、节前最火的板块，节后最可能暴动的时间点都标注出来了
7、春节期间这个小金属价格创10年新高，开工利是全靠它",13059,"['global', 'china', 'economy', 'enterprise', 'shares']",https://wallstreetcn.com/premium/articles/3236360?layout=wscn-layout
春节回顾之旅游篇：南下避寒、北上玩雪,2018-02-22 08:12:20,张一苇,https://wallstreetcn.com/authors/100001663245,春节期间三亚成为冬季避寒热门目的地，免税购物增长迅猛。主打滑雪、温泉游的黑龙江、辽宁亦实现接待人次的稳健增长。出境游方面，东南亚地区热度依旧，海岛游最受游客欢迎；泰国成为人气最高出境游国家，日本居次席。,2138,"['global', 'china', 'economy', 'enterprise', 'shares', 'emerging', 'japan']",https://wallstreetcn.com/articles/3236484
春节回顾之消费篇：新零售的首个春节，我们看到了什么？,2018-02-22 07:52:04, 国君零售訾猛团队,https://wallstreetcn.com/authors/120000001236,农村淘宝春节数据显示地处西北的青海，蔬果消费额同比增长8倍多；盛产牛羊的内蒙古，水产开销增长近5倍。春节期间京、杭、沪盒马鲜生客流到店消费人数分别比平时增长了131%、129%、89%。,4063,"['global', 'china', 'economy']",https://wallstreetcn.com/articles/3236480
读要闻 | 当美国急需借钱而买家都在撤退，你猜会发生什么？,2018-02-14 11:55:29,刘镔练,https://wallstreetcn.com/authors/120000001482,美国财政赤字正逐步接近金融危机时期的水平，未来几年的赤字水平也将刷新人类纪录。然而，急需举债的美国人或许很难再找到“提款机”了。,11249,"['global', 'us', 'economy', 'charts', 'bonds']",https://wallstreetcn.com/premium/articles/3234677?layout=wscn-layout
美元都去哪儿了？扫盲“美元荒”背后的资本联动（蜜汁东京交易05）,2018-02-12 20:24:58,东京交易厅,https://wallstreetcn.com/authors/100001689119,美元全球体系日渐崩离，日本对外盈余连年累积，碰撞出一次又一次的美元之荒。短期美元利率不断飙涨，挑动着全球金融市场的神经。日本人为什么如此需要美元？市场上的美元都去哪里了？一双看不见的手，又会对外汇和债券市场造成怎样的影响？,15088,"['columns', 'pc-main-columns', 'japan', 'us', 'economy', 'bonds', 'forex', 'editors-choice', 'charts', 'global']",https://wallstreetcn.com/articles/3233916
下周重磅财经事件一览：中国金融数据、美国CPI、百度财报,2018-02-11 19:44:42,刘怡心,https://wallstreetcn.com/authors/100001393675,根据市场预期，1月新增人民币贷款2万亿元人民币，社会融资规模将达到3.2万亿元人民币，二者均大幅高于前值。此外，亚洲市场将迎来春节假期，拍拍贷、趣店等中概股也将在下周披露财报。,18944,"['global', 'china', 'us', 'europe', 'japan', 'emerging', 'economy', 'enterprise', 'shares', 'editors-choice', 'calendar', 'charts', 'forecasts']",https://wallstreetcn.com/premium/articles/3233223?layout=wscn-layout
中国1月进出口双双超预期！进口同比大增36.9%,2018-02-08 11:47:28,张一苇,https://wallstreetcn.com/authors/100001663245,以美元计价，中国1月进口同比增长36.9%，预期 10.8%，前值 4.5%。中国1月出口同比增长11.1%，预期 10.8%，前值 10.9%。,35433,"['global', 'china', 'economy', 'charts']",https://wallstreetcn.com/articles/3232572
曾鸣：区块链是生产关系的变革，真正的供给侧革命,2018-02-22 08:15:11,张少华,https://wallstreetcn.com/authors/100001690256,阿里集团学术委员会主席、湖畔大学教育长曾鸣认为，区块链让点对点之间的交换和合作成本大幅下降，这将极大地推动分工进一步细化，带动生产力迎来又一轮大发展。BAT目前在区块链没有大动作是因为没看到切入点。,5275,"['global', 'china', 'tmt-carousel', 'tmt-figure', 'tmt-fintech', 'tmt-firm']",https://wallstreetcn.com/articles/3236450
春节回顾之旅游篇：南下避寒、北上玩雪,2018-02-22 08:12:20,张一苇,https://wallstreetcn.com/authors/100001663245,春节期间三亚成为冬季避寒热门目的地，免税购物增长迅猛。主打滑雪、温泉游的黑龙江、辽宁亦实现接待人次的稳健增长。出境游方面，东南亚地区热度依旧，海岛游最受游客欢迎；泰国成为人气最高出境游国家，日本居次席。,2138,"['global', 'china', 'economy', 'enterprise', 'shares', 'emerging', 'japan']",https://wallstreetcn.com/articles/3236484
读要闻 | 通俄门、桃色门、控枪门，谁会是压倒特朗普的最后一根稻草？,2018-02-22 03:45:15,王穆,https://wallstreetcn.com/authors/100001700074,美股市场最大的“灰犀牛”其实是特朗普本人。最近一周的证据显示，“通俄门”调查愈演愈烈，除了关注通胀和利率，你还需要关心这个风险。,11952,"['us', 'shares', 'bonds', 'economy', 'global']",https://wallstreetcn.com/premium/articles/3236218?layout=wscn-layout
日媒：iPhone X需求疲软 三星将削减OLED屏幕产量,2018-02-20 20:38:45,陶旖洁,https://wallstreetcn.com/authors/100001377409,日经报道称，因iPhone X需求乏力，三星目前计划在一季度，生产至多2000万部iPhone X需要的OLED屏幕，远低于此前为5000万部iPhone X备货的计划。,6321,"['global', 'japan', 'us', 'us-shares', 'shares']",https://wallstreetcn.com/articles/3236122
美联储高官：华尔街反应过度 美联储不该被市场牵着走,2018-02-22 01:49:35,王维丹,https://wallstreetcn.com/authors/75,明尼阿波利斯联储主席Kashkari称，美联储制定政策不可能根据市场波动来。上月末美联储会议声明提到，“进一步”循序渐进加息未来可能得到保障。Kashkari说，用“进一步”是想说延续当前路径。,6282,"['global', 'us', 'economy', 'shares', 'us-shares']",https://wallstreetcn.com/articles/3236437
经历暴跌后反弹，股市未来会二次探底吗？——2月21日海外脱水研报  ,2018-02-21 22:41:24,见闻美股,https://wallstreetcn.com/authors/120000001143,经历暴跌后，美股未来究竟是V型反转还是W型二次探底？；欧美市场震荡下，中国股市如何买？；特朗普钢铁调查究竟会对国内钢铁股带来怎样的冲击？,10465,"['global', 'china', 'enterprise', 'shares', 'us', 'bonds']",https://wallstreetcn.com/articles/3236301
又一支“国家队”基金成立，这一次投资方向竟是它；春节档票房超预期背后，哪家A股公司望成最大赢家 | 2月22日A股主题早知道,2018-02-21 20:48:30,选股宝早知道,https://wallstreetcn.com/authors/120000001226,狗年A股“开门红”值得期待，这几大板块要重点留意；春节档超预期爆发，这只龙头同时牵手阿里、腾讯；又一只“国字号”基金将成立！这类改革主题这回竟成赢家；,676,"['china', 'enterprise', 'shares', 'economy']",https://wallstreetcn.com/premium/articles/3236381?layout=wscn-layout
通胀来了！摩根大通看多原材料，尤其是金属,2018-02-21 20:30:46,祁月,https://wallstreetcn.com/authors/100000350111,继高盛、花旗、“新债王”之后，摩根大通也看多大宗商品，称原材料价格在经济周期的后半部分通常表现良好。以史为鉴，当通胀达到2%并持续攀升之时，贵金属和基本金属都有最佳表现。,16252,"['global', 'commodities', 'china', 'us', 'europe', 'emerging', 'regional', 'japan']",https://wallstreetcn.com/articles/3236367
欧洲文件呼吁退欧谈判灵活性，英镑短线再破1.40关口,2018-02-20 18:24:27,WEEX,https://wallstreetcn.com/authors/100001382236,英镑周2月20日短线飙涨至1.40上方，大约上涨了约60个点，目前继续于1.40附近徘徊。欧洲的文件呼吁在英国脱欧谈判中表现出灵活性。,589,"['europe', 'forex', 'weex-carousel', 'weex-important']",https://wallstreetcn.com/articles/3236149
美元反弹 欧元、日元、离岸人民币大幅下行,2018-02-20 18:15:33,陶旖洁,https://wallstreetcn.com/authors/100001377409,上周五跌至三年低点后，美元指数逐步回升，周二上行至89.60附近。美元/日元升破107，欧元/美元、离岸人民币兑美元均跌近0.5%。,60829,"['global', 'us', 'forex', 'europe', 'japan', 'emerging', 'regional', 'china']",https://wallstreetcn.com/articles/3236136
全球股市反弹中东局势趋紧 油价重拾涨势,2018-02-20 09:20:29,WEEX,https://wallstreetcn.com/authors/100001382236,2月20日，美、布两油价格在周一升至两周高位，尽管美国产出增加给市场带来一丝担忧，但是全球股市的回暖及中东的紧张局势仍旧推升油价。,743,"['us', 'regional', 'commodities', 'other-assets', 'weex-institutioncomments', 'weex-important', 'weex-carousel']",https://wallstreetcn.com/articles/3236052
读要闻 | 如何看待“更自信”的美联储？一文读懂1月FOMC会议纪要,2018-02-22 07:50:31,王穆,https://wallstreetcn.com/authors/100001700074,伴随美债收益率走高，美股、美元、黄金“V型”反转。两周前造成美股深跌盘整的逻辑又回来了？,7126,"['global', 'us', 'shares', 'bonds', 'commodities', 'forex', 'economy']",https://wallstreetcn.com/premium/articles/3236461?layout=wscn-layout
读要闻 | 通俄门、桃色门、控枪门，谁会是压倒特朗普的最后一根稻草？,2018-02-22 03:45:15,王穆,https://wallstreetcn.com/authors/100001700074,美股市场最大的“灰犀牛”其实是特朗普本人。最近一周的证据显示，“通俄门”调查愈演愈烈，除了关注通胀和利率，你还需要关心这个风险。,11952,"['us', 'shares', 'bonds', 'economy', 'global']",https://wallstreetcn.com/premium/articles/3236218?layout=wscn-layout
大特写 | 美股波动性回归，美国楼市还能牛多久？,2018-02-08 04:41:39,刘镔练,https://wallstreetcn.com/authors/120000001482,处于牛市中的美股迎来了波动性的回归。美国房地产市场同样经历了七年的慢牛，且房价已超过危机前高点。美国楼市会否步美股后尘？新的危机会否引爆？,8641,"['global', 'us', 'economy', 'other-assets', 'commodities', 'charts']",https://wallstreetcn.com/premium/articles/3232340?layout=wscn-layout
美国EIA原油产量创单周历史新高 原油库存增加 油价下跌,2018-02-07 23:37:53,方芳,https://wallstreetcn.com/authors/120000002009,美国2月2日当周EIA原油库存增加189.5万桶，为连续第二周出现增长，汽油库存增加100万桶，远超预期的减少198万桶，石油产出量也创单周历史新高。数据公布后，WTI原油价格下跌超1美元，刷新日低至62.36美元／桶；布伦特原油下跌1%，最低触及66.19美元／桶，吐回2018年全部涨幅。,3477,"['global', 'us', 'charts', 'gold-oil']",https://wallstreetcn.com/articles/3232457
美国1月服务业强劲反弹 接近十年高点,2018-02-05 23:03:58,方芳,https://wallstreetcn.com/authors/120000002009,美国1月服务业出现强劲反弹，接近十年高点。据美国供应管理协会（ISM）统计，美国1月ISM非制造业指数 59.9，高于预期的 56.7，代表美国非制造业连续第96个月扩张。前值由 55.9修正为 56。,2630,"['global', 'us', 'charts']",https://wallstreetcn.com/articles/3231363
看市场 | 隔夜全球市场最大变化  五张图看懂,2018-02-22 08:03:03,见闻美股,https://wallstreetcn.com/authors/120000001143,联储会议纪要引发美股过山车，道指盘中高位回落500点！；美债收益率继续攀升，10年债收益率触及4年高位！数字货币集体大跌，比特币回吐本周涨幅。,7640,"['global', 'us', 'shares', 'enterprise', 'bonds']",https://wallstreetcn.com/premium/articles/3236451?layout=wscn-layout
春节回顾之消费篇：新零售的首个春节，我们看到了什么？,2018-02-22 07:52:04, 国君零售訾猛团队,https://wallstreetcn.com/authors/120000001236,农村淘宝春节数据显示地处西北的青海，蔬果消费额同比增长8倍多；盛产牛羊的内蒙古，水产开销增长近5倍。春节期间京、杭、沪盒马鲜生客流到店消费人数分别比平时增长了131%、129%、89%。,4063,"['global', 'china', 'economy']",https://wallstreetcn.com/articles/3236480
耶伦“告别”会议纪要释放强烈信号：加息、加息、加息！,2018-02-22 03:05:17,王维丹,https://wallstreetcn.com/authors/75,纪要显示，几乎所有官员仍预计通胀中期会达到目标，少数人担心长期通胀预期下跌；大多数官员预计，经济走强增加了未来加息可能性。后美股涨幅扩大，美元美债跌黄金涨，市场预计今年三次和四次加息概率均上升。,30913,"['global', 'us', 'economy', 'shares', 'commodities', 'forex', 'bonds', 'us-shares']",https://wallstreetcn.com/articles/3236439
绿光资本主席Einhorn: 我们刚经历了2000年3月来最糟月份,2018-02-22 02:17:48,方芳,https://wallstreetcn.com/authors/120000002009,对冲基金绿光资本的主席David Einhorn宣布，上个月，该基金刚经历了近20年来最糟糕的月份。今年1月绿光投资组合的回报率下跌5.5%，而同期标普上涨5.6%。但是Einhorn依然相信，投资环境将马上转变为有利于价值投资。周三截止发稿，绿光资本股价下跌近4%，今年股价累计下跌16%。,4730,"['global', 'us', 'shares', 'fundcn', 'person']",https://wallstreetcn.com/articles/3236436
美元反弹 欧元、日元、离岸人民币大幅下行,2018-02-20 18:15:33,陶旖洁,https://wallstreetcn.com/authors/100001377409,上周五跌至三年低点后，美元指数逐步回升，周二上行至89.60附近。美元/日元升破107，欧元/美元、离岸人民币兑美元均跌近0.5%。,60829,"['global', 'us', 'forex', 'europe', 'japan', 'emerging', 'regional', 'china']",https://wallstreetcn.com/articles/3236136
2.20机构挂单汇总 | 美元的涨势能持久吗？,2018-02-20 17:56:16,WEEX,https://wallstreetcn.com/authors/100001382236," 
DTCC 2月20日更新了欧盘时段机构挂单情况，美元指数日内有所上涨，是目前G10货币中表现最好的一个，不过分析师们对美元的涨势能否持久抱有怀疑态度，投资者可多关注英镑和日元的情况。",828,"['europe', 'us', 'japan', 'forex', 'weex-carousel', 'weex-important']",https://wallstreetcn.com/articles/3236138
又一支“国家队”基金成立，这一次投资方向竟是它；春节档票房超预期背后，哪家A股公司望成最大赢家 | 2月22日A股主题早知道,2018-02-21 20:48:30,选股宝早知道,https://wallstreetcn.com/authors/120000001226,狗年A股“开门红”值得期待，这几大板块要重点留意；春节档超预期爆发，这只龙头同时牵手阿里、腾讯；又一只“国字号”基金将成立！这类改革主题这回竟成赢家；,676,"['china', 'enterprise', 'shares', 'economy']",https://wallstreetcn.com/premium/articles/3236381?layout=wscn-layout
经济学家警告：美联储新主席鲍威尔将引发历史性的股市崩盘,2018-02-21 19:38:35,祁月,https://wallstreetcn.com/authors/100000350111,Brandon Smith认为，鲍威尔多年前认为是美联储的行动刺激了投资者冒险，而他在上任后会继续执行耶伦的加息和缩表政策，而非作出调整，“美联储已经作出了拔掉（支持市场上涨）插头的决定。”,394714,"['global', 'us', 'shares', 'bonds', 'forex']",https://wallstreetcn.com/articles/3236347
2.20机构挂单汇总 | 美元的涨势能持久吗？,2018-02-20 17:56:16,WEEX,https://wallstreetcn.com/authors/100001382236," 
DTCC 2月20日更新了欧盘时段机构挂单情况，美元指数日内有所上涨，是目前G10货币中表现最好的一个，不过分析师们对美元的涨势能否持久抱有怀疑态度，投资者可多关注英镑和日元的情况。",828,"['europe', 'us', 'japan', 'forex', 'weex-carousel', 'weex-important']",https://wallstreetcn.com/articles/3236138
利润罕见不及预期 汇丰控股跌逾3%,2018-02-20 16:10:12,张家伟,https://wallstreetcn.com/authors/100000350101,汇丰财报显示，四季度调整后税前利润为36亿美元，罕见低于分析师预期。午后汇丰港股直线跳水，收盘跌幅超过3%。,14978,"['global', 'europe', 'enterprise', 'shares']",https://wallstreetcn.com/articles/3236115
耶伦“告别”会议纪要释放强烈信号：加息、加息、加息！,2018-02-22 03:05:17,王维丹,https://wallstreetcn.com/authors/75,纪要显示，几乎所有官员仍预计通胀中期会达到目标，少数人担心长期通胀预期下跌；大多数官员预计，经济走强增加了未来加息可能性。后美股涨幅扩大，美元美债跌黄金涨，市场预计今年三次和四次加息概率均上升。,30913,"['global', 'us', 'economy', 'shares', 'commodities', 'forex', 'bonds', 'us-shares']",https://wallstreetcn.com/articles/3236439
美联储高官：华尔街反应过度 美联储不该被市场牵着走,2018-02-22 01:49:35,王维丹,https://wallstreetcn.com/authors/75,明尼阿波利斯联储主席Kashkari称，美联储制定政策不可能根据市场波动来。上月末美联储会议声明提到，“进一步”循序渐进加息未来可能得到保障。Kashkari说，用“进一步”是想说延续当前路径。,6282,"['global', 'us', 'economy', 'shares', 'us-shares']",https://wallstreetcn.com/articles/3236437
今年加息两次还是三次？美联储高官打嘴仗 美元黄金震荡 ,2018-02-22 00:48:42,王维丹,https://wallstreetcn.com/authors/75,费城联储主席Harker称今年加息两次可能适当。达拉斯联储主席Kaplan警告太迟加息风险。Harker讲话后美元指数回落，现货黄金刷新日高；Kaplan讲话后美元涨幅扩大，黄金转跌。,9539,"['global', 'us', 'economy', 'commodities', 'forex']",https://wallstreetcn.com/articles/3236424
大特写 | 全球楼市一大泡沫正在冷却，“漩涡中心”的这个城市为何逆势而上,2018-02-04 10:26:53,刘镔练,https://wallstreetcn.com/authors/120000001482,经历了55年房价持续上涨后，澳洲楼市正在悄悄降温，然而在“暴风眼”的中央，有一个城市抵御住了房价下跌的压力，在对外国买家限购的情况下，逆市创下最近7年来的最大年涨幅。,36487,"['global', 'regional', 'economy', 'other-assets', 'commodities', 'charts']",https://wallstreetcn.com/premium/articles/3062078?layout=wscn-layout
耐用品订单提振 美国工厂订单连续五个月上扬,2018-02-02 22:56:28,方芳,https://wallstreetcn.com/authors/120000002009,美国12月工厂订单好于预期，环比1.7%，预期1.5%，为连续第5个月出现增长，受益于12月耐用品订单的增加。美国12月耐用品订单环比终值为2.8%，略低于2.9%的初值。12月非国防类资本耐用品订单跌幅超预期，创2016年9月以来最大跌幅。,2902,"['global', 'us', 'charts']",https://wallstreetcn.com/articles/3062168
读要闻 | 如何看待“更自信”的美联储？一文读懂1月FOMC会议纪要,2018-02-22 07:50:31,王穆,https://wallstreetcn.com/authors/100001700074,伴随美债收益率走高，美股、美元、黄金“V型”反转。两周前造成美股深跌盘整的逻辑又回来了？,7126,"['global', 'us', 'shares', 'bonds', 'commodities', 'forex', 'economy']",https://wallstreetcn.com/premium/articles/3236461?layout=wscn-layout
一周策略前瞻：美股创5年单周最大涨幅，A股呢？,2018-02-22 07:30:11,选股宝,https://wallstreetcn.com/authors/100000330114,在A股春节假期的一周里，美股港股都迎来可观幅度的上涨，美股更是创造5年来的单周最大涨幅。在外围市场利好刺激下，本周分析师普遍看好短时间A股的走势。招商张夏直言A股市场会经历两个月左右的蜜月期。华创王君认为调整前的强势板块不论在反弹顺序还是反弹幅度上都更为占优。,4,"['global', 'china', 'shares', 'a-shares']",https://m.xuangubao.cn/message/244662
美联储高官：华尔街反应过度 美联储不该被市场牵着走,2018-02-22 01:49:35,王维丹,https://wallstreetcn.com/authors/75,明尼阿波利斯联储主席Kashkari称，美联储制定政策不可能根据市场波动来。上月末美联储会议声明提到，“进一步”循序渐进加息未来可能得到保障。Kashkari说，用“进一步”是想说延续当前路径。,6282,"['global', 'us', 'economy', 'shares', 'us-shares']",https://wallstreetcn.com/articles/3236437
今年加息两次还是三次？美联储高官打嘴仗 美元黄金震荡 ,2018-02-22 00:48:42,王维丹,https://wallstreetcn.com/authors/75,费城联储主席Harker称今年加息两次可能适当。达拉斯联储主席Kaplan警告太迟加息风险。Harker讲话后美元指数回落，现货黄金刷新日高；Kaplan讲话后美元涨幅扩大，黄金转跌。,9539,"['global', 'us', 'economy', 'commodities', 'forex']",https://wallstreetcn.com/articles/3236424
中央银行的自由裁量权与政策规则,2018-02-20 07:08:33,见智研究所,https://wallstreetcn.com/authors/847217,《货币金融学》作者米什金解答中央银行是否应该有一个规则来设置其政策工具，亦或是对货币政策进行自由裁量？,2288,"['global', 'china', 'us', 'europe', 'japan', 'bonds', 'wision', 'columns', 'editors-choice', 'economy']",https://wallstreetcn.com/premium/articles/3051947?layout=wscn-layout
日股强势上扬2%  原油刷新两周新高,2018-02-19 14:05:12,叶桢,https://wallstreetcn.com/authors/100001705778,在A股、港股因春节而“缺席”的周一，全球市场略显冷清但也不乏亮点，日股“一枝独秀”，日经225指数收涨2%；美股期货走强，美元指数下跌。原油涨势迅猛，刷新两周新高。,31389,"['global', 'us', 'japan', 'shares', 'commodities']",https://wallstreetcn.com/articles/3235946
海通证券荀玉根：着眼中期，市场逐步进入春播时节,2018-02-21 15:31:33,荀玉根,https://wallstreetcn.com/authors/705198,海通证券荀玉根认为，假期美股不跌反涨，外盘对A股冲击渐去；以史为鉴，A股短期回调空间充分，企业盈利高增长、大类资产配置且估值不高，令中期向上趋势未变，“市场逐步进入春播时节”。,4344,"['columns', 'china', 'global', 'shares']",https://wallstreetcn.com/articles/3236276
11国公布TPP最终版本：多项美国力主的规则被搁置,2018-02-21 22:36:28,王穆,https://wallstreetcn.com/authors/100001700074,美国高调退出后，TPP剩余11国发布了贸易协议的最终版本，将于3月8日在智利签署，最快今年底部署实施，多项美国曾力主的规则被搁置。日本和新西兰高官表示，美国要想重新加入此协议没那么简单。,4443,"['global', 'us', 'economy', 'emerging']",https://wallstreetcn.com/articles/3236416
又一支“国家队”基金成立，这一次投资方向竟是它；春节档票房超预期背后，哪家A股公司望成最大赢家 | 2月22日A股主题早知道,2018-02-21 20:48:30,选股宝早知道,https://wallstreetcn.com/authors/120000001226,狗年A股“开门红”值得期待，这几大板块要重点留意；春节档超预期爆发，这只龙头同时牵手阿里、腾讯；又一只“国字号”基金将成立！这类改革主题这回竟成赢家；,676,"['china', 'enterprise', 'shares', 'economy']",https://wallstreetcn.com/premium/articles/3236381?layout=wscn-layout
美国1月ISM制造业指数不及前值 制造业活动增长放缓     ,2018-02-01 22:54:44,方芳,https://wallstreetcn.com/authors/120000002009,美国1月ISM制造业指数为59.1，高于预期的58.6，较12月下跌0.2%，表明美国制造业活动增长放缓，但仍连续17个月处于50的荣枯线上方，意味着美国经济仍在持续扩张。,3087,"['global', 'us', 'charts']",https://wallstreetcn.com/articles/3061850
大特写 | 潘多拉盒子已开，久违的全球经济复苏会否戛然而止？,2018-02-01 06:27:11,刘镔练,https://wallstreetcn.com/authors/120000001482,当世界经济坐实了“全球同步复苏”时， “全球同步衰退”或许只有一步之遥。,24630,"['china', 'us', 'europe', 'japan', 'global', 'economy', 'charts']",https://wallstreetcn.com/premium/articles/3061091?layout=wscn-layout
美国总统经济报告：经济重回3%增长,2018-02-22 07:27:31,朱一天,https://wallstreetcn.com/authors/100000330115,美国总统经济报告指出，由于特朗普总统的新政策，经济已回到3％的增长率。白宫首席经济顾问Kevin Hassett表示：“我们对经济增长的基准预测约为2.2％，此外因总统的政策，每年经济将额外增长约0.8％。”,6445,['global'],https://wallstreetcn.com/articles/3236442
华尔街见闻早餐FM-Radio|2018年2月22日,2018-02-22 07:21:07,张舒,https://wallstreetcn.com/authors/66068,①美联储公布纪要，美股过山车，道指自日高回落500点，10年期美债收益率创四年新高，数字货币集体大跌②美联储纪要：经济走强增加未来加息可能，少数人担心通胀预期下跌及应警惕金融市场不平衡③美联储高官：华尔街反应过度，美联储不该被市场牵着走④天量美债发行周：五年期美债中标收益率创逾八年最高⑤欧元区2月制造业PMI初值创四个月新低，一季度经济仍可能强劲增长⑥英国央行行长重申将更早、更快加息，但未明确加息时点⑦退欧再现争议：英国希望过渡期无确定终止日，欧盟坚决反对⑧11国公布TPP最终版本：多项美国力主的规则被搁置。,18574,['global'],https://wallstreetcn.com/articles/3236449
近四年最大同比跌幅 美国成屋销售连续第二个月下滑,2018-02-21 23:05:36,方芳,https://wallstreetcn.com/authors/120000002009,"美国1月成屋销售总数538万，不及预期的562万，意外连续第二个月下滑，主要受房屋库存不足的拖累。较去年同期，美国1月成屋销售总数同比下降4.8%, 创2014年8月以来最大同比跌幅。",2973,"['global', 'us', 'charts']",https://wallstreetcn.com/articles/3236421
经历暴跌后反弹，股市未来会二次探底吗？——2月21日海外脱水研报  ,2018-02-21 22:41:24,见闻美股,https://wallstreetcn.com/authors/120000001143,经历暴跌后，美股未来究竟是V型反转还是W型二次探底？；欧美市场震荡下，中国股市如何买？；特朗普钢铁调查究竟会对国内钢铁股带来怎样的冲击？,10465,"['global', 'china', 'enterprise', 'shares', 'us', 'bonds']",https://wallstreetcn.com/articles/3236301
法兴：原有的汇率-利率相关性正失效，美/日二季度目标108,2018-02-19 12:03:18,WEEX,https://wallstreetcn.com/authors/100001382236,法国兴业银行外汇策略研究团队周一撰文分析美元/日元前景称，美元/日元2季度的目标在108，3季度的目标在110。并称由于全球经济正脱离金融危机后那个异常的资金宽松阶段，原有的汇率/利率/波动性相关性正失效。,1010,"['japan', 'us', 'forex', 'weex-institutioncomments', 'weex-carousel']",https://wallstreetcn.com/articles/3235945
中国需求给力 日本出口连续14个月上升,2018-02-19 10:18:47,叶桢,https://wallstreetcn.com/authors/100001705778,据日本财务省，日本1月出口同比增长12.3%，高于前值 9.3%和预期10.3%。数据显示，今年1月，日本对中国出口同比激增30.8％，主要出口半导体设备、电动车、发动机和电子零部件等产品。,46267,"['global', 'japan', 'economy']",https://wallstreetcn.com/articles/3235929
李迅雷：从当今宏观数据推知未来行业盛衰,2018-02-21 20:30:04,李迅雷,https://wallstreetcn.com/authors/436383,总体看，我国的传统产业在收缩，新兴产业在扩张，但由于传统产业体量较大，故被收缩的量不能完全被扩张的量所替代。由此，李迅雷不认可总量增速上行，但认可质量或在提升。,7179,"['columns', 'global', 'economy', 'china']",https://wallstreetcn.com/articles/3236327
欧元区2月制造业PMI初值创四个月新低 一季度经济仍可能强劲增长,2018-02-21 17:03:03,曹泽熙,https://wallstreetcn.com/authors/120000001236,周三公布的数据显示，欧元区2月制造业PMI初值 58.5，预期 59.2，前值 59.6。德国和法国2月PMI数据均低于预期。但分析认为，一季度欧元区经济仍有望强劲增长。,5269,"['global', 'europe', 'economy']",https://wallstreetcn.com/articles/3236300
耶伦的“最后一战” 这是你关心的美联储会议纪要五大看点,2018-02-21 15:56:52,祁月,https://wallstreetcn.com/authors/100000350111,美联储将于周四凌晨公布1月FOMC会议纪要，市场最关注的问题有五个。头号问题是美联储对通胀的看法有哪些变化，这还会影响新主席在国会的首次证词。另外，市场还关心美联储是否提升加息预期至4次。,17917,"['global', 'us', 'economy']",https://wallstreetcn.com/articles/3236238
美国房价创三年来最大涨幅 八成城市涨速快于工资,2018-01-31 00:18:28,方芳,https://wallstreetcn.com/authors/120000002009,11月美国S&P／CS 20座大城市房价指数创三年来最大同比涨幅。八成美国城市房价增速达工资增速两倍。强劲的劳动力市场，低抵押利率，和房屋库存的减少，都拉动了房价的上涨。,4727,"['global', 'us', 'charts']",https://wallstreetcn.com/articles/3061203
大特写 | 房价“泡沫指数”显示这些城市“岌岌可危”，高企的房价还能持续吗？,2018-01-27 17:38:42,刘镔练,https://wallstreetcn.com/authors/120000001482,香港家庭需要19.4年不吃不喝才能买房，被美国机构评为全球住房负担最终的城市。“北上深”和其它内地城市的情况会比香港好吗？,21899,"['china', 'us', 'europe', 'emerging', 'economy', 'other-assets', 'charts', 'global']",https://wallstreetcn.com/premium/articles/3059900?layout=wscn-layout
美元跳水 是否预示着进入趋势性贬值通道？,2018-01-27 10:26:41,国泰君安证券研究,https://wallstreetcn.com/authors/100001418100,美元指数跌破90大关，美元会否进入贬值通道？国君宏观认为，美元走弱主要由全球经济同步复苏叠加对美国双赤字担忧所致，但美国通胀加快或使加息超预期，美元尚未进入趋势性贬值通道。,12473,"['global', 'us', 'economy', 'charts', 'forex']",https://wallstreetcn.com/articles/3060311
11国公布TPP最终版本：多项美国力主的规则被搁置,2018-02-21 22:36:28,王穆,https://wallstreetcn.com/authors/100001700074,美国高调退出后，TPP剩余11国发布了贸易协议的最终版本，将于3月8日在智利签署，最快今年底部署实施，多项美国曾力主的规则被搁置。日本和新西兰高官表示，美国要想重新加入此协议没那么简单。,4443,"['global', 'us', 'economy', 'emerging']",https://wallstreetcn.com/articles/3236416
兴业宏观春节重大事件回看：有这么三大重点,2018-02-21 21:59:03,兴业研究,https://wallstreetcn.com/authors/100001415760,兴业宏观表示，春节期间全球金融市场：“深蹲”之后的风险偏好小幅回升。春节期间重要事件扫描：美欧日央行行长“换人”有何新变化？春节期间重要事件扫描：美国贸易保护政策开始浮出水面。,467,"['us', 'europe', 'japan', 'forex', 'bonds', 'commodities', 'weex-carousel', 'weex-important']",https://wallstreetcn.com/articles/3236396
摩根大通拟翻新60年历史全球总部 容纳1.5万员工,2018-02-21 21:48:46,王维丹,https://wallstreetcn.com/authors/75,摩根大通计划在位于曼哈顿的现有全球总部原址新建70层的大楼，明年动工，需五年开发修建，可创造8000个施工相关工作岗位。这是曼哈顿东区重新规划计划中的首个项目。,3381,"['global', 'us', 'enterprise']",https://wallstreetcn.com/articles/3236401
欧央行：全球价值链如何影响经济？,2018-02-18 14:06:27,见智研究所,https://wallstreetcn.com/authors/847217,对于全球价值链，欧元区的参与程度甚至高于美国和中国。,4570,"['global', 'china', 'us', 'europe', 'japan', 'bonds', 'wision', 'columns', 'editors-choice', 'economy']",https://wallstreetcn.com/premium/articles/3051590?layout=wscn-layout
委内瑞拉“石油币”预售首日 获7.35亿美元订单,2018-02-21 14:56:58,曹泽熙,https://wallstreetcn.com/authors/120000001236,石油币同委内瑞拉一篮子油价直接挂钩，并得到该国石油、天然气、黄金和钻石资源的支持。分析认为，面对债务高企、通胀居高不下的局面，委内瑞拉发行石油币是希望开辟一条规避制裁的道路。,10645,"['global', 'emerging', 'economy', 'commodities', 'forex']",https://wallstreetcn.com/articles/3236280
远超预期！美国12月耐用品订单环比增2.9%,2018-01-26 21:32:36,刘镔练,https://wallstreetcn.com/authors/120000001482,美国12月耐用品订单环比增2.90%，远超市场预期。但受美国四季度GDP年化季环比不及预期的影响，美元短线走低。,2959,"['global', 'us', 'economy', 'charts']",https://wallstreetcn.com/articles/3060235
